{
	"meta": {
		"image": "boldman_normal_walk.png",
		"size": {"w":2352,"h":2100},
		"scale": "1"
	},
	"frames": {
		"boldman_normal_walk_00000.png":
		{
			"frame": {"x":393,"y":1,"w":390,"h":418},
			"rotated": false,
			"trimmed": false,
			"spriteSourceSize": {"x":0,"y":0,"w":390,"h":418},
			"sourceSize": {"w":390,"h":418}
		},
		"boldman_normal_walk_00015.png":
		{
			"frame": {"x":1,"y":1,"w":390,"h":418},
			"rotated": false,
			"trimmed": false,
			"spriteSourceSize": {"x":0,"y":0,"w":390,"h":418},
			"sourceSize": {"w":390,"h":418}
		},
		"boldman_normal_walk_00002.png":
		{
			"frame": {"x":785,"y":1,"w":390,"h":418},
			"rotated": false,
			"trimmed": false,
			"spriteSourceSize": {"x":0,"y":0,"w":390,"h":418},
			"sourceSize": {"w":390,"h":418}
		},
		"boldman_normal_walk_00003.png":
		{
			"frame": {"x":1,"y":421,"w":390,"h":418},
			"rotated": false,
			"trimmed": false,
			"spriteSourceSize": {"x":0,"y":0,"w":390,"h":418},
			"sourceSize": {"w":390,"h":418}
		},
		"boldman_normal_walk_00004.png":
		{
			"frame": {"x":393,"y":421,"w":390,"h":418},
			"rotated": false,
			"trimmed": false,
			"spriteSourceSize": {"x":0,"y":0,"w":390,"h":418},
			"sourceSize": {"w":390,"h":418}
		},
		"boldman_normal_walk_00005.png":
		{
			"frame": {"x":785,"y":421,"w":390,"h":418},
			"rotated": false,
			"trimmed": false,
			"spriteSourceSize": {"x":0,"y":0,"w":390,"h":418},
			"sourceSize": {"w":390,"h":418}
		},
		"boldman_normal_walk_00006.png":
		{
			"frame": {"x":1177,"y":1,"w":390,"h":418},
			"rotated": false,
			"trimmed": false,
			"spriteSourceSize": {"x":0,"y":0,"w":390,"h":418},
			"sourceSize": {"w":390,"h":418}
		},
		"boldman_normal_walk_00007.png":
		{
			"frame": {"x":1177,"y":421,"w":390,"h":418},
			"rotated": false,
			"trimmed": false,
			"spriteSourceSize": {"x":0,"y":0,"w":390,"h":418},
			"sourceSize": {"w":390,"h":418}
		},
		"boldman_normal_walk_00008.png":
		{
			"frame": {"x":1,"y":841,"w":390,"h":418},
			"rotated": false,
			"trimmed": false,
			"spriteSourceSize": {"x":0,"y":0,"w":390,"h":418},
			"sourceSize": {"w":390,"h":418}
		},
		"boldman_normal_walk_00009.png":
		{
			"frame": {"x":393,"y":841,"w":390,"h":418},
			"rotated": false,
			"trimmed": false,
			"spriteSourceSize": {"x":0,"y":0,"w":390,"h":418},
			"sourceSize": {"w":390,"h":418}
		},
		"boldman_normal_walk_00010.png":
		{
			"frame": {"x":785,"y":841,"w":390,"h":418},
			"rotated": false,
			"trimmed": false,
			"spriteSourceSize": {"x":0,"y":0,"w":390,"h":418},
			"sourceSize": {"w":390,"h":418}
		},
		"boldman_normal_walk_00011.png":
		{
			"frame": {"x":1177,"y":841,"w":390,"h":418},
			"rotated": false,
			"trimmed": false,
			"spriteSourceSize": {"x":0,"y":0,"w":390,"h":418},
			"sourceSize": {"w":390,"h":418}
		},
		"boldman_normal_walk_00012.png":
		{
			"frame": {"x":1569,"y":1,"w":390,"h":418},
			"rotated": false,
			"trimmed": false,
			"spriteSourceSize": {"x":0,"y":0,"w":390,"h":418},
			"sourceSize": {"w":390,"h":418}
		},
		"boldman_normal_walk_00013.png":
		{
			"frame": {"x":1569,"y":421,"w":390,"h":418},
			"rotated": false,
			"trimmed": false,
			"spriteSourceSize": {"x":0,"y":0,"w":390,"h":418},
			"sourceSize": {"w":390,"h":418}
		},
		"boldman_normal_walk_00014.png":
		{
			"frame": {"x":1569,"y":841,"w":390,"h":418},
			"rotated": false,
			"trimmed": false,
			"spriteSourceSize": {"x":0,"y":0,"w":390,"h":418},
			"sourceSize": {"w":390,"h":418}
		},
		"boldman_normal_walk_00029.png":
		{
			"frame": {"x":1961,"y":1681,"w":390,"h":418},
			"rotated": false,
			"trimmed": false,
			"spriteSourceSize": {"x":0,"y":0,"w":390,"h":418},
			"sourceSize": {"w":390,"h":418}
		},
		"boldman_normal_walk_00016.png":
		{
			"frame": {"x":393,"y":1261,"w":390,"h":418},
			"rotated": false,
			"trimmed": false,
			"spriteSourceSize": {"x":0,"y":0,"w":390,"h":418},
			"sourceSize": {"w":390,"h":418}
		},
		"boldman_normal_walk_00017.png":
		{
			"frame": {"x":785,"y":1261,"w":390,"h":418},
			"rotated": false,
			"trimmed": false,
			"spriteSourceSize": {"x":0,"y":0,"w":390,"h":418},
			"sourceSize": {"w":390,"h":418}
		},
		"boldman_normal_walk_00018.png":
		{
			"frame": {"x":1177,"y":1261,"w":390,"h":418},
			"rotated": false,
			"trimmed": false,
			"spriteSourceSize": {"x":0,"y":0,"w":390,"h":418},
			"sourceSize": {"w":390,"h":418}
		},
		"boldman_normal_walk_00019.png":
		{
			"frame": {"x":1569,"y":1261,"w":390,"h":418},
			"rotated": false,
			"trimmed": false,
			"spriteSourceSize": {"x":0,"y":0,"w":390,"h":418},
			"sourceSize": {"w":390,"h":418}
		},
		"boldman_normal_walk_00020.png":
		{
			"frame": {"x":1961,"y":1,"w":390,"h":418},
			"rotated": false,
			"trimmed": false,
			"spriteSourceSize": {"x":0,"y":0,"w":390,"h":418},
			"sourceSize": {"w":390,"h":418}
		},
		"boldman_normal_walk_00021.png":
		{
			"frame": {"x":1961,"y":421,"w":390,"h":418},
			"rotated": false,
			"trimmed": false,
			"spriteSourceSize": {"x":0,"y":0,"w":390,"h":418},
			"sourceSize": {"w":390,"h":418}
		},
		"boldman_normal_walk_00022.png":
		{
			"frame": {"x":1961,"y":841,"w":390,"h":418},
			"rotated": false,
			"trimmed": false,
			"spriteSourceSize": {"x":0,"y":0,"w":390,"h":418},
			"sourceSize": {"w":390,"h":418}
		},
		"boldman_normal_walk_00023.png":
		{
			"frame": {"x":1961,"y":1261,"w":390,"h":418},
			"rotated": false,
			"trimmed": false,
			"spriteSourceSize": {"x":0,"y":0,"w":390,"h":418},
			"sourceSize": {"w":390,"h":418}
		},
		"boldman_normal_walk_00024.png":
		{
			"frame": {"x":1,"y":1681,"w":390,"h":418},
			"rotated": false,
			"trimmed": false,
			"spriteSourceSize": {"x":0,"y":0,"w":390,"h":418},
			"sourceSize": {"w":390,"h":418}
		},
		"boldman_normal_walk_00025.png":
		{
			"frame": {"x":393,"y":1681,"w":390,"h":418},
			"rotated": false,
			"trimmed": false,
			"spriteSourceSize": {"x":0,"y":0,"w":390,"h":418},
			"sourceSize": {"w":390,"h":418}
		},
		"boldman_normal_walk_00026.png":
		{
			"frame": {"x":785,"y":1681,"w":390,"h":418},
			"rotated": false,
			"trimmed": false,
			"spriteSourceSize": {"x":0,"y":0,"w":390,"h":418},
			"sourceSize": {"w":390,"h":418}
		},
		"boldman_normal_walk_00027.png":
		{
			"frame": {"x":1177,"y":1681,"w":390,"h":418},
			"rotated": false,
			"trimmed": false,
			"spriteSourceSize": {"x":0,"y":0,"w":390,"h":418},
			"sourceSize": {"w":390,"h":418}
		},
		"boldman_normal_walk_00028.png":
		{
			"frame": {"x":1569,"y":1681,"w":390,"h":418},
			"rotated": false,
			"trimmed": false,
			"spriteSourceSize": {"x":0,"y":0,"w":390,"h":418},
			"sourceSize": {"w":390,"h":418}
		},
		"boldman_normal_walk_00001.png":
		{
			"frame": {"x":1,"y":1261,"w":390,"h":418},
			"rotated": false,
			"trimmed": false,
			"spriteSourceSize": {"x":0,"y":0,"w":390,"h":418},
			"sourceSize": {"w":390,"h":418}
		}
	}
}